,states,accidents,killed,injured,vehicle,year
0,1,9409.0,2343.0,7712.0,1,2017.0
1,2,62.0,32.0,67.0,1,2017.0
2,3,2125.0,772.0,1567.0,1,2017.0
3,4,2035.0,1318.0,1219.0,1,2017.0
4,5,4696.0,1386.0,4012.0,1,2017.0
5,6,1567.0,164.0,1036.0,1,2017.0
6,7,6086.0,2190.0,5138.0,1,2017.0
7,8,2528.0,1006.0,2291.0,1,2017.0
8,9,815.0,336.0,1531.0,1,2017.0
9,10,1093.0,142.0,1158.0,1,2017.0
10,11,1718.0,1065.0,1139.0,1,2017.0
11,12,15752.0,4029.0,17831.0,1,2017.0
12,13,14821.0,1371.0,15305.0,1,2017.0
13,14,21458.0,3035.0,22262.0,1,2017.0
14,15,11869.0,4114.0,10235.0,1,2017.0
15,16,141.0,15.0,223.0,1,2017.0
16,17,117.0,30.0,55.0,1,2017.0
17,18,10.0,11.0,8.0,1,2017.0
18,19,128.0,11.0,82.0,1,2017.0
19,20,3886.0,1744.0,3379.0,1,2017.0
20,21,2375.0,1666.0,1352.0,1,2017.0
21,22,5456.0,2146.0,4997.0,1,2017.0
22,23,24.0,10.0,29.0,1,2017.0
23,24,25393.0,5322.0,26235.0,1,2017.0
24,25,7160.0,2244.0,7119.0,1,2017.0
25,26,144.0,36.0,143.0,1,2017.0
26,27,409.0,219.0,322.0,1,2017.0
27,28,11329.0,5805.0,7662.0,1,2017.0
28,29,2346.0,1067.0,1874.0,1,2017.0
29,30,84.0,7.0,95.0,1,2017.0
30,31,41.0,14.0,35.0,1,2017.0
31,32,15.0,10.0,9.0,1,2017.0
32,33,33.0,17.0,33.0,1,2017.0
33,34,1700.0,311.0,1777.0,1,2017.0
34,35,0.0,0.0,0.0,1,2017.0
35,36,898.0,104.0,975.0,1,2017.0
36,1,3583.0,817.0,5287.0,2,2017.0
37,2,21.0,9.0,37.0,2,2017.0
38,3,480.0,149.0,530.0,2,2017.0
39,4,631.0,372.0,553.0,2,2017.0
40,5,434.0,52.0,392.0,2,2017.0
41,6,5.0,0.0,1.0,2,2017.0
42,7,1685.0,498.0,1548.0,2,2017.0
43,8,342.0,113.0,402.0,2,2017.0
44,9,15.0,7.0,36.0,2,2017.0
45,10,80.0,6.0,122.0,2,2017.0
46,11,377.0,180.0,381.0,2,2017.0
47,12,2415.0,481.0,3699.0,2,2017.0
48,13,4402.0,303.0,5074.0,2,2017.0
49,14,2707.0,247.0,3224.0,2,2017.0
50,15,2331.0,672.0,2373.0,2,2017.0
51,16,36.0,3.0,90.0,2,2017.0
52,17,50.0,17.0,25.0,2,2017.0
53,18,1.0,1.0,0.0,2,2017.0
54,19,67.0,1.0,73.0,2,2017.0
55,20,562.0,187.0,882.0,2,2017.0
56,21,207.0,150.0,269.0,2,2017.0
57,22,402.0,182.0,572.0,2,2017.0
58,23,84.0,50.0,0.0,2,2017.0
59,24,3000.0,478.0,3799.0,2,2017.0
60,25,2263.0,514.0,3426.0,2,2017.0
61,26,66.0,14.0,75.0,2,2017.0
62,27,56.0,21.0,75.0,2,2017.0
63,28,2301.0,1080.0,1945.0,2,2017.0
64,29,280.0,96.0,294.0,2,2017.0
65,30,8.0,0.0,15.0,2,2017.0
66,31,23.0,7.0,20.0,2,2017.0
67,32,3.0,3.0,12.0,2,2017.0
68,33,2.0,1.0,3.0,2,2017.0
69,34,361.0,50.0,393.0,2,2017.0
70,35,0.0,0.0,0.0,2,2017.0
71,36,71.0,1.0,55.0,2,2017.0
72,1,4531.0,1258.0,5712.0,3,2017.0
73,2,46.0,23.0,82.0,3,2017.0
74,3,1864.0,656.0,1583.0,3,2017.0
75,4,1381.0,831.0,1078.0,3,2017.0
76,5,2534.0,563.0,2632.0,3,2017.0
77,6,1474.0,82.0,557.0,3,2017.0
78,7,4963.0,1713.0,4385.0,3,2017.0
79,8,3265.0,1310.0,3136.0,3,2017.0
80,9,1469.0,519.0,2342.0,3,2017.0
81,10,1462.0,226.0,1962.0,3,2017.0
82,11,618.0,383.0,507.0,3,2017.0
83,12,10286.0,2120.0,13107.0,3,2017.0
84,13,11298.0,1001.0,13380.0,3,2017.0
85,14,11557.0,2143.0,12620.0,3,2017.0
86,15,7470.0,1928.0,7418.0,3,2017.0
87,16,244.0,39.0,450.0,3,2017.0
88,17,220.0,52.0,97.0,3,2017.0
89,18,24.0,20.0,35.0,3,2017.0
90,19,157.0,7.0,107.0,3,2017.0
91,20,2161.0,919.0,2339.0,3,2017.0
92,21,1533.0,1084.0,1131.0,3,2017.0
93,22,7206.0,3199.0,7397.0,3,2017.0
94,23,49.0,3.0,355.0,3,2017.0
95,24,18748.0,3994.0,23492.0,3,2017.0
96,25,5455.0,998.0,5928.0,3,2017.0
97,26,150.0,59.0,265.0,3,2017.0
98,27,548.0,350.0,647.0,3,2017.0
99,28,7835.0,4115.0,5249.0,3,2017.0
100,29,2705.0,1111.0,2576.0,3,2017.0
101,30,51.0,7.0,62.0,3,2017.0
102,31,213.0,59.0,190.0,3,2017.0
103,32,10.0,5.0,17.0,3,2017.0
104,33,27.0,7.0,28.0,3,2017.0
105,34,1921.0,373.0,2036.0,3,2017.0
106,35,0.0,0.0,0.0,3,2017.0
107,36,262.0,26.0,254.0,3,2017.0
108,1,1546.0,597.0,2078.0,4,2017.0
109,2,14.0,6.0,30.0,4,2017.0
110,3,598.0,244.0,854.0,4,2017.0
111,4,998.0,592.0,890.0,4,2017.0
112,5,666.0,188.0,873.0,4,2017.0
113,6,419.0,27.0,191.0,4,2017.0
114,7,825.0,293.0,976.0,4,2017.0
115,8,503.0,270.0,523.0,4,2017.0
116,9,175.0,136.0,799.0,4,2017.0
117,10,389.0,95.0,1068.0,4,2017.0
118,11,223.0,146.0,323.0,4,2017.0
119,12,3239.0,801.0,5423.0,4,2017.0
120,13,3766.0,608.0,4423.0,4,2017.0
121,14,2908.0,591.0,4681.0,4,2017.0
122,15,1869.0,628.0,2633.0,4,2017.0
123,16,11.0,18.0,61.0,4,2017.0
124,17,72.0,12.0,57.0,4,2017.0
125,18,5.0,5.0,0.0,4,2017.0
126,19,66.0,2.0,34.0,4,2017.0
127,20,431.0,184.0,681.0,4,2017.0
128,21,415.0,242.0,414.0,4,2017.0
129,22,1534.0,773.0,2230.0,4,2017.0
130,23,24.0,11.0,39.0,4,2017.0
131,24,6034.0,1856.0,8967.0,4,2017.0
132,25,1209.0,337.0,1409.0,4,2017.0
133,26,15.0,10.0,41.0,4,2017.0
134,27,129.0,82.0,208.0,4,2017.0
135,28,2577.0,1406.0,2194.0,4,2017.0
136,29,948.0,347.0,1685.0,4,2017.0
137,30,19.0,0.0,67.0,4,2017.0
138,31,18.0,9.0,16.0,4,2017.0
139,32,2.0,2.0,0.0,4,2017.0
140,33,1.0,1.0,0.0,4,2017.0
141,34,364.0,106.0,332.0,4,2017.0
142,35,0.0,0.0,0.0,4,2017.0
143,36,133.0,26.0,130.0,4,2017.0
144,1,5360.0,2340.0,5671.0,5,2017.0
145,2,29.0,12.0,33.0,5,2017.0
146,3,1522.0,677.0,1113.0,5,2017.0
147,4,2727.0,1756.0,1743.0,5,2017.0
148,5,3244.0,1119.0,2658.0,5,2017.0
149,6,427.0,50.0,125.0,5,2017.0
150,7,4092.0,1815.0,3620.0,5,2017.0
151,8,3126.0,1574.0,2891.0,5,2017.0
152,9,529.0,152.0,610.0,5,2017.0
153,10,975.0,182.0,1089.0,5,2017.0
154,11,1220.0,802.0,711.0,5,2017.0
155,12,8536.0,2448.0,10574.0,5,2017.0
156,13,4183.0,848.0,4489.0,5,2017.0
157,14,11065.0,3408.0,11097.0,5,2017.0
158,15,8405.0,3394.0,6482.0,5,2017.0
159,16,114.0,41.0,118.0,5,2017.0
160,17,145.0,53.0,69.0,5,2017.0
161,18,28.0,23.0,12.0,5,2017.0
162,19,109.0,16.0,78.0,5,2017.0
163,20,2915.0,1339.0,3029.0,5,2017.0
164,21,1286.0,964.0,865.0,5,2017.0
165,22,5493.0,3003.0,5215.0,5,2017.0
166,23,10.0,0.0,50.0,5,2017.0
167,24,9988.0,3402.0,10732.0,5,2017.0
168,25,4006.0,1477.0,4045.0,5,2017.0
169,26,97.0,30.0,137.0,5,2017.0
170,27,289.0,182.0,262.0,5,2017.0
171,28,8588.0,4591.0,6311.0,5,2017.0
172,29,3153.0,1445.0,2545.0,5,2017.0
173,30,27.0,7.0,24.0,5,2017.0
174,31,34.0,12.0,32.0,5,2017.0
175,32,24.0,14.0,14.0,5,2017.0
176,33,13.0,7.0,5.0,5,2017.0
177,34,902.0,293.0,836.0,5,2017.0
178,35,0.0,0.0,0.0,5,2017.0
179,36,157.0,29.0,168.0,5,2017.0
180,1,63.0,19.0,61.0,6,2017.0
181,2,0.0,0.0,0.0,6,2017.0
182,3,176.0,121.0,131.0,6,2017.0
183,4,226.0,117.0,114.0,6,2017.0
184,5,80.0,36.0,50.0,6,2017.0
185,6,3.0,0.0,2.0,6,2017.0
186,7,218.0,94.0,182.0,6,2017.0
187,8,131.0,55.0,109.0,6,2017.0
188,9,0.0,0.0,0.0,6,2017.0
189,10,27.0,4.0,36.0,6,2017.0
190,11,150.0,64.0,68.0,6,2017.0
191,12,42.0,13.0,46.0,6,2017.0
192,13,0.0,0.0,0.0,6,2017.0
193,14,149.0,17.0,241.0,6,2017.0
194,15,259.0,90.0,187.0,6,2017.0
195,16,0.0,0.0,0.0,6,2017.0
196,17,14.0,9.0,5.0,6,2017.0
197,18,0.0,0.0,0.0,6,2017.0
198,19,0.0,0.0,0.0,6,2017.0
199,20,135.0,64.0,107.0,6,2017.0
200,21,265.0,204.0,142.0,6,2017.0
201,22,9.0,3.0,6.0,6,2017.0
202,23,0.0,0.0,0.0,6,2017.0
203,24,459.0,152.0,374.0,6,2017.0
204,25,64.0,21.0,45.0,6,2017.0
205,26,13.0,1.0,24.0,6,2017.0
206,27,35.0,14.0,21.0,6,2017.0
207,28,1265.0,562.0,964.0,6,2017.0
208,29,105.0,41.0,72.0,6,2017.0
209,30,0.0,0.0,0.0,6,2017.0
210,31,0.0,0.0,0.0,6,2017.0
211,32,1.0,1.0,0.0,6,2017.0
212,33,0.0,0.0,0.0,6,2017.0
213,34,117.0,31.0,103.0,6,2017.0
214,35,1.0,0.0,1.0,6,2017.0
215,36,53.0,8.0,50.0,6,2017.0
216,1,1223.0,679.0,943.0,7,2017.0
217,2,69.0,28.0,67.0,7,2017.0
218,3,379.0,149.0,360.0,7,2017.0
219,4,608.0,437.0,284.0,7,2017.0
220,5,1897.0,789.0,1930.0,7,2017.0
221,6,22.0,5.0,10.0,7,2017.0
222,7,974.0,594.0,731.0,7,2017.0
223,8,1274.0,759.0,881.0,7,2017.0
224,9,111.0,53.0,134.0,7,2017.0
225,10,1588.0,271.0,1974.0,7,2017.0
226,11,707.0,488.0,625.0,7,2017.0
227,12,2262.0,716.0,2271.0,7,2017.0
228,13,0.0,0.0,0.0,7,2017.0
229,14,3498.0,723.0,3317.0,7,2017.0
230,15,3490.0,1376.0,2664.0,7,2017.0
231,16,32.0,20.0,85.0,7,2017.0
232,17,47.0,2.0,40.0,7,2017.0
233,18,0.0,0.0,0.0,7,2017.0
234,19,4.0,4.0,1.0,7,2017.0
235,20,752.0,350.0,766.0,7,2017.0
236,21,0.0,0.0,0.0,7,2017.0
237,22,1997.0,1125.0,1645.0,7,2017.0
238,23,5.0,4.0,6.0,7,2017.0
239,24,1897.0,936.0,929.0,7,2017.0
240,25,2309.0,996.0,2001.0,7,2017.0
241,26,18.0,11.0,33.0,7,2017.0
242,27,137.0,74.0,96.0,7,2017.0
243,28,4087.0,2240.0,2529.0,7,2017.0
244,29,2041.0,1644.0,990.0,7,2017.0
245,30,0.0,0.0,0.0,7,2017.0
246,31,13.0,6.0,9.0,7,2017.0
247,32,12.0,8.0,8.0,7,2017.0
248,33,3.0,3.0,1.0,7,2017.0
249,34,1185.0,393.0,1018.0,7,2017.0
250,35,0.0,0.0,0.0,7,2017.0
251,36,119.0,39.0,107.0,7,2017.0
252,1,8593.0,2230.0,6639.0,1,2018.0
253,2,66.0,41.0,38.0,1,2018.0
254,3,1958.0,808.0,1833.0,1,2018.0
255,4,3720.0,2717.0,2313.0,1,2018.0
256,5,5396.0,1608.0,4842.0,1,2018.0
257,6,1700.0,120.0,837.0,1,2018.0
258,7,5848.0,2364.0,5053.0,1,2018.0
259,8,2228.0,770.0,2039.0,1,2018.0
260,9,783.0,293.0,1518.0,1,2018.0
261,10,1463.0,193.0,1691.0,1,2018.0
262,11,2163.0,1376.0,1321.0,1,2018.0
263,12,16208.0,4352.0,18325.0,1,2018.0
264,13,16518.0,1643.0,17411.0,1,2018.0
265,14,19966.0,3277.0,20206.0,1,2018.0
266,15,13732.0,5143.0,11103.0,1,2018.0
267,16,156.0,30.0,238.0,1,2018.0
268,17,44.0,31.0,16.0,1,2018.0
269,18,7.0,8.0,2.0,1,2018.0
270,19,97.0,6.0,55.0,1,2018.0
271,20,4413.0,2173.0,3816.0,1,2018.0
272,21,2135.0,1581.0,1044.0,1,2018.0
273,22,5406.0,2429.0,4917.0,1,2018.0
274,23,20.0,6.0,31.0,1,2018.0
275,24,26470.0,3965.0,28354.0,1,2018.0
276,25,6845.0,2126.0,6427.0,1,2018.0
277,26,177.0,78.0,153.0,1,2018.0
278,27,472.0,230.0,397.0,1,2018.0
279,28,12258.0,6194.0,8024.0,1,2018.0
280,29,2651.0,1208.0,2121.0,1,2018.0
281,30,112.0,5.0,100.0,1,2018.0
282,31,54.0,22.0,53.0,1,2018.0
283,32,26.0,20.0,26.0,1,2018.0
284,33,26.0,14.0,29.0,1,2018.0
285,34,1875.0,410.0,1754.0,1,2018.0
286,35,1.0,1.0,1.0,1,2018.0
287,36,726.0,88.0,858.0,1,2018.0
288,1,2669.0,633.0,3772.0,2,2018.0
289,2,12.0,9.0,22.0,2,2018.0
290,3,475.0,131.0,485.0,2,2018.0
291,4,689.0,387.0,687.0,2,2018.0
292,5,392.0,51.0,357.0,2,2018.0
293,6,42.0,4.0,17.0,2,2018.0
294,7,1516.0,462.0,1743.0,2,2018.0
295,8,397.0,139.0,423.0,2,2018.0
296,9,19.0,6.0,66.0,2,2018.0
297,10,79.0,10.0,97.0,2,2018.0
298,11,484.0,286.0,407.0,2,2018.0
299,12,2392.0,516.0,3943.0,2,2018.0
300,13,3359.0,196.0,4120.0,2,2018.0
301,14,2387.0,234.0,2925.0,2,2018.0
302,15,2332.0,613.0,2409.0,2,2018.0
303,16,36.0,6.0,99.0,2,2018.0
304,17,8.0,5.0,4.0,2,2018.0
305,18,3.0,3.0,2.0,2,2018.0
306,19,92.0,7.0,65.0,2,2018.0
307,20,652.0,225.0,1103.0,2,2018.0
308,21,294.0,208.0,223.0,2,2018.0
309,22,371.0,100.0,388.0,2,2018.0
310,23,0.0,0.0,0.0,2,2018.0
311,24,2797.0,274.0,3801.0,2,2018.0
312,25,2080.0,490.0,3005.0,2,2018.0
313,26,59.0,25.0,90.0,2,2018.0
314,27,33.0,17.0,52.0,2,2018.0
315,28,2964.0,1398.0,2342.0,2,2018.0
316,29,370.0,124.0,386.0,2,2018.0
317,30,15.0,1.0,18.0,2,2018.0
318,31,13.0,6.0,9.0,2,2018.0
319,32,2.0,2.0,0.0,2,2018.0
320,33,2.0,2.0,2.0,2,2018.0
321,34,286.0,47.0,306.0,2,2018.0
322,35,0.0,0.0,0.0,2,2018.0
323,36,64.0,7.0,89.0,2,2018.0
324,1,5073.0,1179.0,5124.0,3,2018.0
325,2,53.0,49.0,72.0,3,2018.0
326,3,1665.0,594.0,1567.0,3,2018.0
327,4,1487.0,1014.0,978.0,3,2018.0
328,5,2411.0,569.0,2525.0,3,2018.0
329,6,1366.0,78.0,495.0,3,2018.0
330,7,5004.0,1809.0,5097.0,3,2018.0
331,8,3103.0,1330.0,2765.0,3,2018.0
332,9,1424.0,538.0,2300.0,3,2018.0
333,10,2214.0,284.0,3141.0,3,2018.0
334,11,715.0,465.0,651.0,3,2018.0
335,12,10227.0,2096.0,12968.0,3,2018.0
336,13,12412.0,1049.0,15082.0,3,2018.0
337,14,10549.0,2014.0,11655.0,3,2018.0
338,15,7591.0,2450.0,7370.0,3,2018.0
339,16,229.0,36.0,473.0,3,2018.0
340,17,71.0,36.0,22.0,3,2018.0
341,18,18.0,14.0,29.0,3,2018.0
342,19,151.0,19.0,152.0,3,2018.0
343,20,1922.0,791.0,2236.0,3,2018.0
344,21,1571.0,1167.0,762.0,3,2018.0
345,22,7265.0,3027.0,7265.0,3,2018.0
346,23,134.0,73.0,298.0,3,2018.0
347,24,17478.0,3068.0,22603.0,3,2018.0
348,25,5400.0,1127.0,6267.0,3,2018.0
349,26,181.0,54.0,293.0,3,2018.0
350,27,423.0,315.0,511.0,3,2018.0
351,28,7732.0,3992.0,5197.0,3,2018.0
352,29,3198.0,1127.0,3093.0,3,2018.0
353,30,87.0,4.0,97.0,3,2018.0
354,31,194.0,40.0,195.0,3,2018.0
355,32,13.0,5.0,15.0,3,2018.0
356,33,22.0,5.0,24.0,3,2018.0
357,34,1717.0,354.0,1793.0,3,2018.0
358,35,0.0,0.0,0.0,3,2018.0
359,36,390.0,39.0,402.0,3,2018.0
360,1,1572.0,630.0,1964.0,4,2018.0
361,2,28.0,15.0,48.0,4,2018.0
362,3,694.0,222.0,952.0,4,2018.0
363,4,682.0,508.0,716.0,4,2018.0
364,5,540.0,187.0,703.0,4,2018.0
365,6,193.0,12.0,88.0,4,2018.0
366,7,853.0,346.0,1083.0,4,2018.0
367,8,489.0,205.0,513.0,4,2018.0
368,9,166.0,97.0,1057.0,4,2018.0
369,10,425.0,100.0,803.0,4,2018.0
370,11,215.0,137.0,356.0,4,2018.0
371,12,2883.0,794.0,4976.0,4,2018.0
372,13,3581.0,564.0,4249.0,4,2018.0
373,14,2833.0,647.0,4615.0,4,2018.0
374,15,1689.0,523.0,2432.0,4,2018.0
375,16,11.0,3.0,10.0,4,2018.0
376,17,8.0,5.0,4.0,4,2018.0
377,18,2.0,1.0,20.0,4,2018.0
378,19,25.0,0.0,10.0,4,2018.0
379,20,540.0,232.0,1038.0,4,2018.0
380,21,447.0,254.0,413.0,4,2018.0
381,22,1306.0,645.0,2319.0,4,2018.0
382,23,0.0,0.0,0.0,4,2018.0
383,24,5222.0,1471.0,7592.0,4,2018.0
384,25,1280.0,429.0,1614.0,4,2018.0
385,26,28.0,6.0,68.0,4,2018.0
386,27,96.0,145.0,251.0,4,2018.0
387,28,3116.0,1684.0,2213.0,4,2018.0
388,29,1368.0,521.0,2383.0,4,2018.0
389,30,22.0,4.0,37.0,4,2018.0
390,31,14.0,7.0,6.0,4,2018.0
391,32,2.0,1.0,2.0,4,2018.0
392,33,2.0,1.0,22.0,4,2018.0
393,34,275.0,81.0,264.0,4,2018.0
394,35,0.0,0.0,0.0,4,2018.0
395,36,139.0,30.0,119.0,4,2018.0
396,1,5285.0,2198.0,5036.0,5,2018.0
397,2,23.0,15.0,36.0,5,2018.0
398,3,1668.0,522.0,1273.0,5,2018.0
399,4,2651.0,1850.0,1789.0,5,2018.0
400,5,3647.0,1448.0,2952.0,5,2018.0
401,6,348.0,35.0,98.0,5,2018.0
402,7,4234.0,2251.0,3674.0,5,2018.0
403,8,3203.0,1597.0,2503.0,5,2018.0
404,9,492.0,193.0,398.0,5,2018.0
405,10,1049.0,242.0,1166.0,5,2018.0
406,11,1306.0,952.0,905.0,5,2018.0
407,12,7937.0,2434.0,9508.0,5,2018.0
408,13,4121.0,796.0,4448.0,5,2018.0
409,14,10569.0,3401.0,10549.0,5,2018.0
410,15,7993.0,3492.0,6238.0,5,2018.0
411,16,103.0,44.0,127.0,5,2018.0
412,17,70.0,47.0,23.0,5,2018.0
413,18,23.0,19.0,27.0,5,2018.0
414,19,65.0,7.0,53.0,5,2018.0
415,20,2939.0,1423.0,2818.0,5,2018.0
416,21,1172.0,873.0,642.0,5,2018.0
417,22,5330.0,3030.0,5000.0,5,2018.0
418,23,26.0,6.0,41.0,5,2018.0
419,24,7257.0,2127.0,7636.0,5,2018.0
420,25,4378.0,1543.0,4358.0,5,2018.0
421,26,88.0,41.0,101.0,5,2018.0
422,27,196.0,186.0,200.0,5,2018.0
423,28,8755.0,4958.0,6095.0,5,2018.0
424,29,4224.0,2162.0,3516.0,5,2018.0
425,30,16.0,4.0,8.0,5,2018.0
426,31,27.0,14.0,32.0,5,2018.0
427,32,29.0,20.0,21.0,5,2018.0
428,33,18.0,11.0,11.0,5,2018.0
429,34,774.0,267.0,661.0,5,2018.0
430,35,2.0,0.0,2.0,5,2018.0
431,36,206.0,30.0,212.0,5,2018.0
432,1,34.0,6.0,40.0,6,2018.0
433,2,4.0,2.0,2.0,6,2018.0
434,3,269.0,128.0,197.0,6,2018.0
435,4,203.0,153.0,78.0,6,2018.0
436,5,133.0,50.0,100.0,6,2018.0
437,6,0.0,0.0,0.0,6,2018.0
438,7,177.0,84.0,139.0,6,2018.0
439,8,273.0,125.0,169.0,6,2018.0
440,9,0.0,0.0,0.0,6,2018.0
441,10,7.0,0.0,8.0,6,2018.0
442,11,42.0,24.0,13.0,6,2018.0
443,12,2.0,0.0,3.0,6,2018.0
444,13,0.0,0.0,0.0,6,2018.0
445,14,116.0,11.0,135.0,6,2018.0
446,15,413.0,125.0,368.0,6,2018.0
447,16,7.0,0.0,10.0,6,2018.0
448,17,0.0,0.0,0.0,6,2018.0
449,18,0.0,0.0,0.0,6,2018.0
450,19,0.0,0.0,0.0,6,2018.0
451,20,132.0,88.0,51.0,6,2018.0
452,21,89.0,70.0,29.0,6,2018.0
453,22,46.0,22.0,32.0,6,2018.0
454,23,0.0,0.0,0.0,6,2018.0
455,24,215.0,141.0,76.0,6,2018.0
456,25,69.0,21.0,51.0,6,2018.0
457,26,9.0,2.0,12.0,6,2018.0
458,27,32.0,30.0,2.0,6,2018.0
459,28,1393.0,709.0,1025.0,6,2018.0
460,29,4.0,2.0,2.0,6,2018.0
461,30,0.0,0.0,0.0,6,2018.0
462,31,0.0,0.0,0.0,6,2018.0
463,32,0.0,0.0,0.0,6,2018.0
464,33,0.0,0.0,0.0,6,2018.0
465,34,104.0,20.0,95.0,6,2018.0
466,35,0.0,0.0,0.0,6,2018.0
467,36,38.0,9.0,29.0,6,2018.0
468,1,1225.0,671.0,856.0,7,2018.0
469,2,91.0,44.0,105.0,7,2018.0
470,3,1221.0,515.0,956.0,7,2018.0
471,4,63.0,44.0,34.0,7,2018.0
472,5,1319.0,670.0,1219.0,7,2018.0
473,6,0.0,0.0,0.0,7,2018.0
474,7,1021.0,633.0,583.0,7,2018.0
475,8,1314.0,854.0,1413.0,7,2018.0
476,9,226.0,81.0,212.0,7,2018.0
477,10,665.0,136.0,792.0,7,2018.0
478,11,361.0,244.0,253.0,7,2018.0
479,12,2052.0,798.0,1832.0,7,2018.0
480,13,190.0,55.0,148.0,7,2018.0
481,14,4830.0,1090.0,4395.0,7,2018.0
482,15,1940.0,907.0,1419.0,7,2018.0
483,16,59.0,15.0,85.0,7,2018.0
484,17,198.0,58.0,136.0,7,2018.0
485,18,0.0,0.0,0.0,7,2018.0
486,19,0.0,0.0,0.0,7,2018.0
487,20,636.0,376.0,668.0,7,2018.0
488,21,418.0,371.0,138.0,7,2018.0
489,22,2001.0,1055.0,1612.0,7,2018.0
490,23,0.0,0.0,0.0,7,2018.0
491,24,4481.0,1170.0,4475.0,7,2018.0
492,25,2170.0,862.0,1884.0,7,2018.0
493,26,8.0,5.0,20.0,7,2018.0
494,27,196.0,114.0,141.0,7,2018.0
495,28,4305.0,2231.0,3199.0,7,2018.0
496,29,883.0,564.0,492.0,7,2018.0
497,30,2.0,1.0,0.0,7,2018.0
498,31,14.0,9.0,5.0,7,2018.0
499,32,8.0,6.0,2.0,7,2018.0
500,33,6.0,2.0,6.0,7,2018.0
501,34,1268.0,456.0,1035.0,7,2018.0
502,35,0.0,0.0,0.0,7,2018.0
503,36,33.0,23.0,18.0,7,2018.0
504,1,9456.0,3352.0,9947.0,1,2019.0
505,2,30.0,26.0,51.0,1,2019.0
506,3,2409.0,1031.0,1721.0,1,2019.0
507,4,4060.0,3135.0,2861.0,1,2019.0
508,5,6887.0,2894.0,6909.0,1,2019.0
509,6,1757.0,186.0,803.0,1,2019.0
510,7,6412.0,2755.0,6053.0,1,2019.0
511,8,3322.0,1614.0,3031.0,1,2019.0
512,9,542.0,288.0,1235.0,1,2019.0
513,10,1510.0,171.0,1513.0,1,2019.0
514,11,1235.0,1114.0,1301.0,1,2019.0
515,12,15549.0,4466.0,19165.0,1,2019.0
516,13,16970.0,2362.0,26584.0,1,2019.0
517,14,19840.0,4474.0,21228.0,1,2019.0
518,15,13330.0,5894.0,11145.0,1,2019.0
519,16,181.0,42.0,312.0,1,2019.0
520,17,63.0,12.0,37.0,1,2019.0
521,18,14.0,11.0,8.0,1,2019.0
522,19,80.0,5.0,51.0,1,2019.0
523,20,4688.0,2398.0,3969.0,1,2019.0
524,21,2833.0,1775.0,1717.0,1,2019.0
525,22,6146.0,2552.0,5682.0,1,2019.0
526,23,0.0,0.0,0.0,1,2019.0
527,24,23813.0,3537.0,25802.0,1,2019.0
528,25,7646.0,3017.0,8799.0,1,2019.0
529,26,165.0,89.0,185.0,1,2019.0
530,27,564.0,342.0,467.0,1,2019.0
531,28,12896.0,6931.0,8254.0,1,2019.0
532,29,1844.0,1030.0,1686.0,1,2019.0
533,30,105.0,13.0,97.0,1,2019.0
534,31,124.0,46.0,109.0,1,2019.0
535,32,31.0,25.0,31.0,1,2019.0
536,33,26.0,11.0,22.0,1,2019.0
537,34,1919.0,490.0,1650.0,1,2019.0
538,35,0.0,0.0,0.0,1,2019.0
539,36,737.0,48.0,868.0,1,2019.0
540,1,1520.0,520.0,2711.0,2,2019.0
541,2,11.0,7.0,12.0,2,2019.0
542,3,473.0,134.0,468.0,2,2019.0
543,4,446.0,309.0,668.0,2,2019.0
544,5,181.0,41.0,172.0,2,2019.0
545,6,1.0,0.0,0.0,2,2019.0
546,7,763.0,254.0,881.0,2,2019.0
547,8,372.0,168.0,352.0,2,2019.0
548,9,2.0,0.0,15.0,2,2019.0
549,10,37.0,11.0,103.0,2,2019.0
550,11,281.0,166.0,330.0,2,2019.0
551,12,1679.0,323.0,2395.0,2,2019.0
552,13,2842.0,136.0,1975.0,2,2019.0
553,14,1621.0,303.0,2252.0,2,2019.0
554,15,864.0,271.0,1040.0,2,2019.0
555,16,25.0,3.0,62.0,2,2019.0
556,17,5.0,2.0,14.0,2,2019.0
557,18,0.0,0.0,3.0,2,2019.0
558,19,103.0,1.0,36.0,2,2019.0
559,20,390.0,157.0,542.0,2,2019.0
560,21,199.0,149.0,112.0,2,2019.0
561,22,262.0,114.0,317.0,2,2019.0
562,23,0.0,0.0,0.0,2,2019.0
563,24,1412.0,174.0,2135.0,2,2019.0
564,25,1079.0,342.0,1756.0,2,2019.0
565,26,32.0,6.0,41.0,2,2019.0
566,27,15.0,6.0,12.0,2,2019.0
567,28,2649.0,1382.0,1781.0,2,2019.0
568,29,100.0,43.0,113.0,2,2019.0
569,30,3.0,0.0,5.0,2,2019.0
570,31,3.0,0.0,8.0,2,2019.0
571,32,0.0,0.0,0.0,2,2019.0
572,33,0.0,0.0,0.0,2,2019.0
573,34,89.0,12.0,115.0,2,2019.0
574,35,0.0,0.0,0.0,2,2019.0
575,36,16.0,0.0,68.0,2,2019.0
576,1,2399.0,703.0,2878.0,3,2019.0
577,2,59.0,27.0,69.0,3,2019.0
578,3,1429.0,528.0,1515.0,3,2019.0
579,4,1332.0,932.0,1026.0,3,2019.0
580,5,1965.0,413.0,1668.0,3,2019.0
581,6,1063.0,16.0,279.0,3,2019.0
582,7,3349.0,1381.0,3739.0,3,2019.0
583,8,1346.0,589.0,1452.0,3,2019.0
584,9,1137.0,469.0,1892.0,3,2019.0
585,10,2004.0,246.0,2587.0,3,2019.0
586,11,642.0,497.0,508.0,3,2019.0
587,12,7870.0,1735.0,9978.0,3,2019.0
588,13,13354.0,365.0,3432.0,3,2019.0
589,14,8237.0,1631.0,8026.0,3,2019.0
590,15,5306.0,2029.0,5101.0,3,2019.0
591,16,177.0,32.0,366.0,3,2019.0
592,17,62.0,31.0,26.0,3,2019.0
593,18,8.0,4.0,25.0,3,2019.0
594,19,138.0,8.0,98.0,3,2019.0
595,20,1539.0,661.0,1832.0,3,2019.0
596,21,1180.0,774.0,936.0,3,2019.0
597,22,8088.0,3078.0,7765.0,3,2019.0
598,23,38.0,8.0,73.0,3,2019.0
599,24,15748.0,2620.0,20526.0,3,2019.0
600,25,4849.0,782.0,3711.0,3,2019.0
601,26,105.0,32.0,240.0,3,2019.0
602,27,128.0,70.0,192.0,3,2019.0
603,28,6873.0,3729.0,4567.0,3,2019.0
604,29,680.0,257.0,1153.0,3,2019.0
605,30,22.0,0.0,17.0,3,2019.0
606,31,39.0,3.0,17.0,3,2019.0
607,32,6.0,2.0,37.0,3,2019.0
608,33,13.0,4.0,22.0,3,2019.0
609,34,910.0,233.0,909.0,3,2019.0
610,35,0.0,0.0,0.0,3,2019.0
611,36,101.0,11.0,200.0,3,2019.0
612,1,634.0,213.0,1304.0,4,2019.0
613,2,20.0,4.0,48.0,4,2019.0
614,3,462.0,153.0,750.0,4,2019.0
615,4,216.0,131.0,266.0,4,2019.0
616,5,260.0,71.0,447.0,4,2019.0
617,6,178.0,8.0,70.0,4,2019.0
618,7,511.0,200.0,903.0,4,2019.0
619,8,230.0,135.0,407.0,4,2019.0
620,9,142.0,81.0,714.0,4,2019.0
621,10,344.0,108.0,849.0,4,2019.0
622,11,206.0,125.0,228.0,4,2019.0
623,12,2107.0,550.0,3769.0,4,2019.0
624,13,3534.0,46.0,1694.0,4,2019.0
625,14,2220.0,459.0,3094.0,4,2019.0
626,15,1110.0,246.0,2157.0,4,2019.0
627,16,12.0,3.0,25.0,4,2019.0
628,17,27.0,17.0,7.0,4,2019.0
629,18,0.0,0.0,0.0,4,2019.0
630,19,23.0,0.0,27.0,4,2019.0
631,20,573.0,267.0,953.0,4,2019.0
632,21,249.0,210.0,99.0,4,2019.0
633,22,1364.0,667.0,2070.0,4,2019.0
634,23,0.0,0.0,0.0,4,2019.0
635,24,4342.0,1135.0,6066.0,4,2019.0
636,25,1079.0,208.0,894.0,4,2019.0
637,26,23.0,7.0,31.0,4,2019.0
638,27,15.0,7.0,47.0,4,2019.0
639,28,2691.0,1403.0,2032.0,4,2019.0
640,29,158.0,42.0,576.0,4,2019.0
641,30,16.0,1.0,15.0,4,2019.0
642,31,2.0,0.0,23.0,4,2019.0
643,32,2.0,1.0,13.0,4,2019.0
644,33,0.0,0.0,0.0,4,2019.0
645,34,128.0,27.0,132.0,4,2019.0
646,35,0.0,0.0,0.0,4,2019.0
647,36,9.0,4.0,32.0,4,2019.0
648,1,1671.0,629.0,1690.0,5,2019.0
649,2,21.0,9.0,33.0,5,2019.0
650,3,618.0,241.0,579.0,5,2019.0
651,4,414.0,243.0,197.0,5,2019.0
652,5,1086.0,274.0,579.0,5,2019.0
653,6,140.0,4.0,100.0,5,2019.0
654,7,1877.0,817.0,1563.0,5,2019.0
655,8,558.0,320.0,461.0,5,2019.0
656,9,232.0,59.0,301.0,5,2019.0
657,10,639.0,138.0,596.0,5,2019.0
658,11,615.0,426.0,289.0,5,2019.0
659,12,3072.0,858.0,3379.0,5,2019.0
660,13,2328.0,41.0,154.0,5,2019.0
661,14,4050.0,1042.0,3202.0,5,2019.0
662,15,1964.0,627.0,1306.0,5,2019.0
663,16,78.0,30.0,78.0,5,2019.0
664,17,48.0,33.0,9.0,5,2019.0
665,18,7.0,5.0,3.0,5,2019.0
666,19,40.0,5.0,20.0,5,2019.0
667,20,1361.0,595.0,1283.0,5,2019.0
668,21,342.0,370.0,174.0,5,2019.0
669,22,3315.0,1886.0,2944.0,5,2019.0
670,23,0.0,1.0,0.0,5,2019.0
671,24,5930.0,1663.0,6606.0,5,2019.0
672,25,1810.0,614.0,1545.0,5,2019.0
673,26,34.0,14.0,49.0,5,2019.0
674,27,40.0,18.0,32.0,5,2019.0
675,28,3934.0,2190.0,2712.0,5,2019.0
676,29,657.0,309.0,874.0,5,2019.0
677,30,13.0,0.0,4.0,5,2019.0
678,31,1.0,1.0,0.0,5,2019.0
679,32,2.0,0.0,6.0,5,2019.0
680,33,3.0,2.0,3.0,5,2019.0
681,34,166.0,62.0,117.0,5,2019.0
682,35,1.0,0.0,1.0,5,2019.0
683,36,11.0,6.0,40.0,5,2019.0
684,1,4275.0,1723.0,2958.0,8,2019.0
685,2,18.0,8.0,10.0,8,2019.0
686,3,1793.0,718.0,1324.0,8,2019.0
687,4,1693.0,1259.0,950.0,8,2019.0
688,5,1439.0,578.0,996.0,8,2019.0
689,6,199.0,50.0,127.0,8,2019.0
690,7,2745.0,1291.0,1789.0,8,2019.0
691,8,3131.0,1673.0,2171.0,8,2019.0
692,9,672.0,192.0,630.0,8,2019.0
693,10,593.0,88.0,651.0,8,2019.0
694,11,624.0,386.0,312.0,8,2019.0
695,12,6654.0,1880.0,6324.0,8,2019.0
696,13,0.0,1257.0,9621.0,8,2019.0
697,14,7465.0,1569.0,6803.0,8,2019.0
698,15,7294.0,2849.0,5302.0,8,2019.0
699,16,136.0,32.0,134.0,8,2019.0
700,17,37.0,19.0,17.0,8,2019.0
701,18,15.0,13.0,3.0,8,2019.0
702,19,2.0,2.0,0.0,8,2019.0
703,20,1246.0,624.0,915.0,8,2019.0
704,21,600.0,451.0,242.0,8,2019.0
705,22,1897.0,1443.0,2421.0,8,2019.0
706,23,17.0,4.0,20.0,8,2019.0
707,24,4121.0,1044.0,3858.0,8,2019.0
708,25,2529.0,1249.0,3039.0,8,2019.0
709,26,260.0,65.0,192.0,8,2019.0
710,27,380.0,206.0,249.0,8,2019.0
711,28,3411.0,1772.0,2332.0,8,2019.0
712,29,5005.0,2933.0,3029.0,8,2019.0
713,30,56.0,6.0,59.0,8,2019.0
714,31,88.0,36.0,59.0,8,2019.0
715,32,20.0,15.0,6.0,8,2019.0
716,33,18.0,10.0,15.0,8,2019.0
717,34,1161.0,364.0,859.0,8,2019.0
718,35,0.0,0.0,0.0,8,2019.0
719,36,335.0,49.0,255.0,8,2019.0
720,1,279.0,94.0,319.0,6,2019.0
721,2,0.0,0.0,0.0,6,2019.0
722,3,260.0,106.0,225.0,6,2019.0
723,4,659.0,419.0,428.0,6,2019.0
724,5,600.0,173.0,478.0,6,2019.0
725,6,14.0,2.0,9.0,6,2019.0
726,7,238.0,84.0,166.0,6,2019.0
727,8,187.0,103.0,295.0,6,2019.0
728,9,16.0,5.0,12.0,6,2019.0
729,10,37.0,7.0,48.0,6,2019.0
730,11,392.0,261.0,294.0,6,2019.0
731,12,208.0,48.0,209.0,6,2019.0
732,13,1.0,99.0,974.0,6,2019.0
733,14,831.0,121.0,841.0,6,2019.0
734,15,531.0,182.0,379.0,6,2019.0
735,16,28.0,5.0,27.0,6,2019.0
736,17,0.0,0.0,0.0,6,2019.0
737,18,0.0,0.0,0.0,6,2019.0
738,19,0.0,0.0,0.0,6,2019.0
739,20,328.0,136.0,244.0,6,2019.0
740,21,268.0,190.0,107.0,6,2019.0
741,22,184.0,51.0,127.0,6,2019.0
742,23,0.0,0.0,0.0,6,2019.0
743,24,594.0,230.0,592.0,6,2019.0
744,25,133.0,71.0,107.0,6,2019.0
745,26,19.0,13.0,18.0,6,2019.0
746,27,40.0,29.0,16.0,6,2019.0
747,28,2469.0,1317.0,1534.0,6,2019.0
748,29,689.0,352.0,468.0,6,2019.0
749,30,6.0,0.0,7.0,6,2019.0
750,31,28.0,10.0,22.0,6,2019.0
751,32,4.0,3.0,1.0,6,2019.0
752,33,2.0,0.0,2.0,6,2019.0
753,34,239.0,67.0,193.0,6,2019.0
754,35,0.0,0.0,0.0,6,2019.0
755,36,116.0,18.0,79.0,6,2019.0
756,1,1283.0,682.0,1638.0,7,2019.0
757,2,60.0,41.0,63.0,7,2019.0
758,3,691.0,248.0,599.0,7,2019.0
759,4,897.0,573.0,611.0,7,2019.0
760,5,1203.0,536.0,1439.0,7,2019.0
761,6,52.0,30.0,37.0,7,2019.0
762,7,730.0,446.0,557.0,7,2019.0
763,8,1771.0,419.0,966.0,7,2019.0
764,9,124.0,50.0,85.0,7,2019.0
765,10,569.0,219.0,1153.0,7,2019.0
766,11,1007.0,686.0,344.0,7,2019.0
767,12,2923.0,943.0,4180.0,7,2019.0
768,13,936.0,53.0,589.0,7,2019.0
769,14,4274.0,1139.0,4751.0,7,2019.0
770,15,1380.0,499.0,1170.0,7,2019.0
771,16,13.0,5.0,17.0,7,2019.0
772,17,124.0,28.0,64.0,7,2019.0
773,18,13.0,14.0,15.0,7,2019.0
774,19,33.0,5.0,17.0,7,2019.0
775,20,532.0,306.0,774.0,7,2019.0
776,21,17.0,17.0,0.0,7,2019.0
777,22,2172.0,788.0,1623.0,7,2019.0
778,23,107.0,60.0,225.0,7,2019.0
779,24,0.0,0.0,0.0,7,2019.0
780,25,1663.0,565.0,1204.0,7,2019.0
781,26,5.0,5.0,3.0,7,2019.0
782,27,145.0,166.0,393.0,7,2019.0
783,28,3856.0,2188.0,2596.0,7,2019.0
784,29,793.0,441.0,1516.0,7,2019.0
785,30,3.0,0.0,1.0,7,2019.0
786,31,0.0,0.0,0.0,7,2019.0
787,32,0.0,0.0,0.0,7,2019.0
788,33,4.0,0.0,7.0,7,2019.0
789,34,379.0,79.0,600.0,7,2019.0
790,35,0.0,0.0,0.0,7,2019.0
791,36,56.0,11.0,77.0,7,2019.0
792,1,10215.0,3681.0,10020.0,1,2020.0
793,2,60.0,34.0,78.0,1,2020.0
794,3,1782.0,725.0,1287.0,1,2020.0
795,4,2870.0,2387.0,2456.0,1,2020.0
796,5,6425.0,2894.0,5979.0,1,2020.0
797,6,1000.0,133.0,420.0,1,2020.0
798,7,5708.0,2728.0,5144.0,1,2020.0
799,8,3873.0,1792.0,3074.0,1,2020.0
800,9,517.0,211.0,922.0,1,2020.0
801,10,1117.0,192.0,1837.0,1,2020.0
802,11,1584.0,991.0,1253.0,1,2020.0
803,12,16310.0,5171.0,19271.0,1,2020.0
804,13,11865.0,1704.0,19355.0,1,2020.0
805,14,21093.0,5441.0,22563.0,1,2020.0
806,15,11984.0,5868.0,9031.0,1,2020.0
807,16,160.0,48.0,237.0,1,2020.0
808,17,48.0,29.0,33.0,1,2020.0
809,18,15.0,15.0,20.0,1,2020.0
810,19,61.0,12.0,40.0,1,2020.0
811,20,4798.0,2514.0,3821.0,1,2020.0
812,21,2374.0,1664.0,1542.0,1,2020.0
813,22,6326.0,3052.0,5607.0,1,2020.0
814,23,0.0,0.0,0.0,1,2020.0
815,24,24485.0,4249.0,28062.0,1,2020.0
816,25,9097.0,3469.0,9178.0,1,2020.0
817,26,150.0,86.0,157.0,1,2020.0
818,27,524.0,338.0,384.0,1,2020.0
819,28,10968.0,6393.0,7010.0,1,2020.0
820,29,1080.0,497.0,1039.0,1,2020.0
821,30,78.0,8.0,71.0,1,2020.0
822,31,70.0,23.0,65.0,1,2020.0
823,32,52.0,32.0,45.0,1,2020.0
824,33,0.0,0.0,0.0,1,2020.0
825,34,1764.0,441.0,1613.0,1,2020.0
826,35,1.0,0.0,1.0,1,2020.0
827,36,510.0,51.0,448.0,1,2020.0
828,1,1520.0,520.0,2711.0,2,2020.0
829,2,11.0,7.0,12.0,2,2020.0
830,3,473.0,134.0,468.0,2,2020.0
831,4,446.0,309.0,668.0,2,2020.0
832,5,181.0,41.0,172.0,2,2020.0
833,6,1.0,0.0,0.0,2,2020.0
834,7,763.0,254.0,881.0,2,2020.0
835,8,372.0,168.0,352.0,2,2020.0
836,9,2.0,0.0,15.0,2,2020.0
837,10,37.0,11.0,103.0,2,2020.0
838,11,281.0,166.0,330.0,2,2020.0
839,12,1679.0,323.0,2395.0,2,2020.0
840,13,2842.0,136.0,1975.0,2,2020.0
841,14,1621.0,303.0,2252.0,2,2020.0
842,15,864.0,271.0,1040.0,2,2020.0
843,16,25.0,3.0,62.0,2,2020.0
844,17,5.0,2.0,14.0,2,2020.0
845,18,0.0,0.0,3.0,2,2020.0
847,20,390.0,157.0,542.0,2,2020.0
848,21,199.0,149.0,112.0,2,2020.0
849,22,262.0,114.0,317.0,2,2020.0
850,23,0.0,0.0,0.0,2,2020.0
851,24,1412.0,174.0,2135.0,2,2020.0
852,25,1079.0,342.0,1756.0,2,2020.0
853,26,32.0,6.0,41.0,2,2020.0
854,27,15.0,6.0,12.0,2,2020.0
855,28,2649.0,1382.0,1781.0,2,2020.0
856,29,100.0,43.0,113.0,2,2020.0
857,30,3.0,0.0,5.0,2,2020.0
858,31,3.0,0.0,8.0,2,2020.0
859,32,0.0,0.0,0.0,2,2020.0
860,33,0.0,0.0,0.0,2,2020.0
861,34,89.0,12.0,115.0,2,2020.0
862,35,0.0,0.0,0.0,2,2020.0
863,36,16.0,0.0,68.0,2,2020.0
864,1,1913.0,580.0,2017.0,3,2020.0
865,2,37.0,17.0,54.0,3,2020.0
866,3,1307.0,399.0,1042.0,3,2020.0
867,4,667.0,347.0,780.0,3,2020.0
868,5,1383.0,305.0,1225.0,3,2020.0
869,6,620.0,15.0,192.0,3,2020.0
870,7,2193.0,869.0,2452.0,3,2020.0
871,8,1371.0,674.0,1146.0,3,2020.0
872,9,878.0,409.0,1334.0,3,2020.0
873,10,1703.0,192.0,1838.0,3,2020.0
874,11,524.0,323.0,364.0,3,2020.0
875,12,6678.0,1533.0,8094.0,3,2020.0
876,13,9501.0,217.0,2051.0,3,2020.0
877,14,6402.0,1523.0,6362.0,3,2020.0
878,15,3273.0,1576.0,3034.0,3,2020.0
879,16,75.0,20.0,128.0,3,2020.0
880,17,61.0,31.0,81.0,3,2020.0
881,18,16.0,14.0,20.0,3,2020.0
882,19,251.0,24.0,128.0,3,2020.0
883,20,1071.0,414.0,1233.0,3,2020.0
884,21,1150.0,909.0,689.0,3,2020.0
885,22,4798.0,2180.0,4637.0,3,2020.0
886,23,48.0,18.0,104.0,3,2020.0
887,24,5113.0,931.0,6505.0,3,2020.0
888,25,2733.0,658.0,2782.0,3,2020.0
889,26,82.0,23.0,120.0,3,2020.0
890,27,56.0,13.0,76.0,3,2020.0
891,28,5375.0,2971.0,3486.0,3,2020.0
892,29,1374.0,609.0,1865.0,3,2020.0
893,30,21.0,1.0,23.0,3,2020.0
894,31,26.0,3.0,28.0,3,2020.0
895,32,11.0,6.0,37.0,3,2020.0
897,34,215.0,53.0,242.0,3,2020.0
898,35,0.0,0.0,0.0,3,2020.0
899,36,60.0,16.0,170.0,3,2020.0
900,1,251.0,59.0,468.0,4,2020.0
901,2,9.0,5.0,15.0,4,2020.0
902,3,268.0,108.0,305.0,4,2020.0
903,4,70.0,38.0,102.0,4,2020.0
904,5,110.0,23.0,276.0,4,2020.0
905,6,66.0,2.0,76.0,4,2020.0
906,7,244.0,87.0,442.0,4,2020.0
907,8,330.0,154.0,322.0,4,2020.0
908,9,26.0,13.0,201.0,4,2020.0
909,10,348.0,18.0,229.0,4,2020.0
910,11,165.0,132.0,192.0,4,2020.0
911,12,854.0,162.0,1822.0,4,2020.0
912,13,1157.0,21.0,592.0,4,2020.0
913,14,1088.0,292.0,1730.0,4,2020.0
914,15,354.0,106.0,751.0,4,2020.0
915,16,2.0,0.0,3.0,4,2020.0
916,17,3.0,3.0,42.0,4,2020.0
917,18,6.0,1.0,6.0,4,2020.0
918,19,2.0,0.0,0.0,4,2020.0
919,20,262.0,69.0,545.0,4,2020.0
920,21,81.0,62.0,70.0,4,2020.0
921,22,593.0,281.0,668.0,4,2020.0
922,23,0.0,0.0,0.0,4,2020.0
923,24,904.0,140.0,1289.0,4,2020.0
924,25,316.0,84.0,298.0,4,2020.0
925,26,8.0,2.0,8.0,4,2020.0
926,27,3.0,0.0,29.0,4,2020.0
927,28,1935.0,1058.0,1469.0,4,2020.0
928,29,268.0,114.0,661.0,4,2020.0
929,30,3.0,0.0,4.0,4,2020.0
930,31,0.0,0.0,0.0,4,2020.0
931,32,0.0,0.0,0.0,4,2020.0
932,33,0.0,0.0,0.0,4,2020.0
933,34,8.0,3.0,14.0,4,2020.0
934,35,0.0,0.0,0.0,4,2020.0
935,36,5.0,3.0,26.0,4,2020.0
936,1,1203.0,384.0,974.0,5,2020.0
937,2,5.0,2.0,7.0,5,2020.0
938,3,454.0,184.0,321.0,5,2020.0
939,4,288.0,123.0,177.0,5,2020.0
940,5,668.0,185.0,465.0,5,2020.0
941,6,182.0,0.0,18.0,5,2020.0
942,7,1340.0,645.0,1153.0,5,2020.0
943,8,784.0,374.0,490.0,5,2020.0
944,9,229.0,64.0,279.0,5,2020.0
945,10,618.0,82.0,375.0,5,2020.0
946,11,568.0,414.0,350.0,5,2020.0
947,12,2279.0,535.0,2215.0,5,2020.0
948,13,1828.0,43.0,150.0,5,2020.0
949,14,3145.0,922.0,2761.0,5,2020.0
950,15,1308.0,561.0,978.0,5,2020.0
951,16,46.0,18.0,68.0,5,2020.0
952,17,40.0,31.0,23.0,5,2020.0
953,18,7.0,6.0,8.0,5,2020.0
954,19,31.0,3.0,49.0,5,2020.0
955,20,874.0,360.0,826.0,5,2020.0
956,21,282.0,249.0,130.0,5,2020.0
957,22,2422.0,1357.0,1831.0,5,2020.0
958,23,10.0,3.0,20.0,5,2020.0
959,24,1650.0,368.0,1650.0,5,2020.0
960,25,1251.0,457.0,975.0,5,2020.0
961,26,32.0,10.0,19.0,5,2020.0
962,27,19.0,8.0,13.0,5,2020.0
963,28,3329.0,1780.0,1987.0,5,2020.0
964,29,1202.0,731.0,1698.0,5,2020.0
965,30,4.0,1.0,11.0,5,2020.0
966,31,2.0,1.0,5.0,5,2020.0
967,32,3.0,2.0,13.0,5,2020.0
968,33,0.0,0.0,0.0,5,2020.0
969,34,13.0,3.0,18.0,5,2020.0
970,35,0.0,0.0,0.0,5,2020.0
971,36,14.0,7.0,25.0,5,2020.0
972,1,365.0,141.0,297.0,6,2020.0
973,2,0.0,0.0,0.0,6,2020.0
974,3,400.0,253.0,421.0,6,2020.0
975,4,468.0,339.0,288.0,6,2020.0
976,5,451.0,137.0,356.0,6,2020.0
977,6,8.0,2.0,6.0,6,2020.0
978,7,204.0,86.0,136.0,6,2020.0
979,8,170.0,91.0,239.0,6,2020.0
980,9,11.0,6.0,12.0,6,2020.0
981,10,22.0,12.0,35.0,6,2020.0
982,11,131.0,123.0,99.0,6,2020.0
983,12,238.0,73.0,154.0,6,2020.0
984,13,1.0,80.0,708.0,6,2020.0
985,14,751.0,154.0,756.0,6,2020.0
986,15,501.0,172.0,351.0,6,2020.0
987,16,20.0,5.0,17.0,6,2020.0
988,17,4.0,4.0,0.0,6,2020.0
989,18,0.0,0.0,0.0,6,2020.0
990,19,5.0,2.0,5.0,6,2020.0
991,20,377.0,183.0,241.0,6,2020.0
992,21,338.0,237.0,134.0,6,2020.0
993,22,99.0,44.0,84.0,6,2020.0
994,23,0.0,0.0,0.0,6,2020.0
995,24,1849.0,431.0,1583.0,6,2020.0
996,25,208.0,63.0,149.0,6,2020.0
997,26,20.0,8.0,11.0,6,2020.0
998,27,43.0,33.0,15.0,6,2020.0
999,28,2005.0,1123.0,1355.0,6,2020.0
1000,29,726.0,391.0,395.0,6,2020.0
1001,30,3.0,1.0,4.0,6,2020.0
1002,31,20.0,10.0,14.0,6,2020.0
1003,32,4.0,3.0,2.0,6,2020.0
1005,34,152.0,48.0,114.0,6,2020.0
1006,35,0.0,0.0,0.0,6,2020.0
1007,36,67.0,21.0,68.0,6,2020.0
1008,1,3232.0,1272.0,2292.0,8,2020.0
1009,2,3.0,2.0,5.0,8,2020.0
1010,3,1327.0,618.0,906.0,8,2020.0
1011,4,3141.0,2649.0,1880.0,8,2020.0
1012,5,1473.0,575.0,1102.0,8,2020.0
1013,6,98.0,29.0,69.0,8,2020.0
1014,7,2418.0,1199.0,1352.0,8,2020.0
1015,8,1449.0,658.0,1188.0,8,2020.0
1016,9,465.0,145.0,393.0,8,2020.0
1017,10,300.0,101.0,774.0,8,2020.0
1018,11,331.0,267.0,192.0,8,2020.0
1019,12,5164.0,1592.0,4315.0,8,2020.0
1020,13,0.0,738.0,5361.0,8,2020.0
1021,14,6472.0,1512.0,5708.0,8,2020.0
1022,15,5156.0,2214.0,3330.0,8,2020.0
1023,16,96.0,26.0,111.0,8,2020.0
1024,17,43.0,43.0,15.0,8,2020.0
1025,18,5.0,5.0,7.0,8,2020.0
1026,19,47.0,11.0,23.0,8,2020.0
1027,20,1250.0,632.0,790.0,8,2020.0
1028,21,594.0,453.0,190.0,8,2020.0
1029,22,2273.0,1066.0,1547.0,8,2020.0
1030,23,20.0,5.0,20.0,8,2020.0
1031,24,8979.0,1540.0,8243.0,8,2020.0
1032,25,3287.0,1148.0,2520.0,8,2020.0
1033,26,132.0,51.0,110.0,8,2020.0
1034,27,261.0,147.0,153.0,8,2020.0
1035,28,3344.0,1674.0,2134.0,8,2020.0
1036,29,4399.0,2526.0,2522.0,8,2020.0
1037,30,28.0,3.0,27.0,8,2020.0
1038,31,34.0,12.0,25.0,8,2020.0
1039,32,24.0,18.0,19.0,8,2020.0
1041,34,1621.0,505.0,1242.0,8,2020.0
1042,35,0.0,0.0,0.0,8,2020.0
1043,36,297.0,47.0,214.0,8,2020.0
1044,1,724.0,365.0,785.0,7,2020.0
1045,2,9.0,6.0,14.0,7,2020.0
1046,3,378.0,149.0,331.0,7,2020.0
1047,4,630.0,467.0,615.0,7,2020.0
1048,5,839.0,418.0,840.0,7,2020.0
1049,6,392.0,42.0,98.0,7,2020.0
1050,7,452.0,262.0,381.0,7,2020.0
1051,8,964.0,559.0,618.0,7,2020.0
1052,9,111.0,45.0,67.0,7,2020.0
1053,10,710.0,119.0,699.0,7,2020.0
1054,11,639.0,469.0,457.0,7,2020.0
1055,12,924.0,349.0,1195.0,7,2020.0
1056,13,683.0,38.0,315.0,7,2020.0
1057,14,4153.0,876.0,3791.0,7,2020.0
1058,15,1485.0,776.0,1360.0,7,2020.0
1059,16,5.0,6.0,34.0,7,2020.0
1060,17,10.0,7.0,12.0,7,2020.0
1061,18,4.0,1.0,4.0,7,2020.0
1062,19,0.0,0.0,2.0,7,2020.0
1063,20,706.0,376.0,757.0,7,2020.0
1064,21,165.0,163.0,24.0,7,2020.0
1065,22,1809.0,895.0,1661.0,7,2020.0
1066,23,60.0,21.0,74.0,7,2020.0
1067,24,902.0,215.0,842.0,7,2020.0
1068,25,982.0,536.0,809.0,7,2020.0
1069,26,7.0,4.0,2.0,7,2020.0
1070,27,112.0,125.0,164.0,7,2020.0
1071,28,2402.0,1450.0,1709.0,7,2020.0
1072,29,7.0,7.0,0.0,7,2020.0
1073,30,1.0,0.0,0.0,7,2020.0
1074,31,0.0,0.0,0.0,7,2020.0
1075,32,5.0,3.0,3.0,7,2020.0
1076,33,0.0,0.0,0.0,7,2020.0
1077,34,259.0,120.0,234.0,7,2020.0
1078,35,0.0,0.0,0.0,7,2020.0
1079,36,0.0,0.0,0.0,7,2020.0
