,accidents,killed,injured,voilation,year,state
0,1977.39,643.84,1982.1,1,2017,0
1,31.0,17.0,20.0,1,2017,1
2,1977.39,643.84,1982.1,1,2017,2
3,1977.39,643.84,1982.1,1,2017,3
4,1977.39,643.84,1982.1,1,2017,4
5,1977.39,316.0,1982.1,1,2017,5
6,1977.39,643.84,1982.1,1,2017,6
7,1977.39,643.84,1982.1,1,2017,7
8,628.0,256.0,1982.1,1,2017,8
9,1977.39,643.84,1982.1,1,2017,9
10,1977.39,643.84,1982.1,1,2017,10
11,1977.39,643.84,1982.1,1,2017,11
12,1977.39,643.84,1982.1,1,2017,12
13,1977.39,643.84,1982.1,1,2017,13
14,1977.39,643.84,1982.1,1,2017,14
15,156.0,42.0,280.0,1,2017,15
16,65.0,17.0,33.0,1,2017,16
17,16.0,12.0,8.0,1,2017,17
18,170.0,15.0,124.0,1,2017,18
19,1977.39,643.84,1982.1,1,2017,19
20,1977.39,643.84,1982.1,1,2017,20
21,1977.39,643.84,1982.1,1,2017,21
22,79.0,48.0,192.0,1,2017,22
23,1977.39,643.84,1982.1,1,2017,23
24,1977.39,643.84,1982.1,1,2017,24
25,432.0,132.0,631.0,1,2017,25
26,1977.39,643.84,955.0,1,2017,26
27,1977.39,643.84,1982.1,1,2017,27
28,1977.39,643.84,1982.1,1,2017,28
29,133.0,15.0,208.0,1,2017,29
30,325.0,102.0,291.0,1,2017,30
31,43.0,25.0,26.0,1,2017,31
32,61.0,30.0,48.0,1,2017,32
33,1977.39,643.84,1982.1,1,2017,33
34,0.0,0.0,0.0,1,2017,34
35,654.0,75.0,694.0,1,2017,35
36,1977.39,156.0,466.0,2,2017,0
37,19.0,13.0,21.0,2,2017,1
38,373.0,142.0,353.0,2,2017,2
39,0.0,0.0,0.0,2,2017,3
40,86.0,17.0,119.0,2,2017,4
41,10.0,0.0,7.0,2,2017,5
42,65.0,18.0,91.0,2,2017,6
43,180.0,86.0,168.0,2,2017,7
44,214.0,89.0,457.0,2,2017,8
45,1.0,0.0,1.0,2,2017,9
46,801.0,643.84,512.0,2,2017,10
47,169.0,23.0,212.0,2,2017,11
48,133.0,7.0,178.0,2,2017,12
49,1049.0,217.0,1982.1,2,2017,13
50,863.0,293.0,830.0,2,2017,14
51,44.0,9.0,71.0,2,2017,15
52,132.0,89.0,53.0,2,2017,16
53,16.0,13.0,21.0,2,2017,17
54,157.0,3.0,120.0,2,2017,18
55,1977.39,643.84,1982.1,2,2017,19
56,129.0,95.0,70.0,2,2017,20
57,421.0,142.0,349.0,2,2017,21
58,32.0,5.0,44.0,2,2017,22
59,1977.39,643.84,1982.1,2,2017,23
60,163.0,34.0,118.0,2,2017,24
61,11.0,2.0,17.0,2,2017,25
62,56.0,30.0,36.0,2,2017,26
63,1977.39,643.84,1982.1,2,2017,27
64,16.0,2.0,13.0,2,2017,28
65,13.0,2.0,12.0,2,2017,29
66,10.0,3.0,3.0,2,2017,30
67,1.0,4.0,5.0,2,2017,31
68,12.0,3.0,17.0,2,2017,32
69,124.0,24.0,126.0,2,2017,33
70,0.0,0.0,0.0,2,2017,34
71,5.0,0.0,9.0,2,2017,35
72,1977.39,315.0,1982.1,3,2017,0
73,41.0,16.0,70.0,3,2017,1
74,579.0,212.0,481.0,3,2017,2
75,1977.39,643.84,997.0,3,2017,3
76,1977.39,643.84,1982.1,3,2017,4
77,88.0,10.0,38.0,3,2017,5
78,951.0,643.84,1982.1,3,2017,6
79,432.0,185.0,451.0,3,2017,7
80,1977.39,643.84,1982.1,3,2017,8
81,65.0,11.0,71.0,3,2017,9
82,379.0,218.0,301.0,3,2017,10
83,1977.39,207.0,1982.1,3,2017,11
84,1977.39,109.0,1982.1,3,2017,12
85,1977.39,643.84,1982.1,3,2017,13
86,1977.39,643.84,1982.1,3,2017,14
87,56.0,5.0,89.0,3,2017,15
88,151.0,32.0,89.0,3,2017,16
89,3.0,2.0,2.0,3,2017,17
90,36.0,2.0,8.0,3,2017,18
91,842.0,643.84,984.0,3,2017,19
92,602.0,643.84,485.0,3,2017,20
93,1977.39,643.84,1982.1,3,2017,21
94,11.0,3.0,26.0,3,2017,22
95,1977.39,643.84,1982.1,3,2017,23
96,263.0,67.0,305.0,3,2017,24
97,47.0,20.0,50.0,3,2017,25
98,109.0,43.0,98.0,3,2017,26
99,1977.39,643.84,1982.1,3,2017,27
100,278.0,121.0,317.0,3,2017,28
101,18.0,1.0,19.0,3,2017,29
102,2.0,1.0,4.0,3,2017,30
103,3.0,1.0,2.0,3,2017,31
104,4.0,2.0,2.0,3,2017,32
105,308.0,51.0,301.0,3,2017,33
106,0.0,0.0,0.0,3,2017,34
107,140.0,30.0,154.0,3,2017,35
108,194.0,104.0,195.0,4,2017,0
109,0.0,0.0,0.0,4,2017,1
110,98.0,27.0,78.0,4,2017,2
111,318.0,184.0,139.0,4,2017,3
112,372.0,60.0,362.0,4,2017,4
113,4.0,0.0,1.0,4,2017,5
114,46.0,21.0,45.0,4,2017,6
115,147.0,53.0,134.0,4,2017,7
116,0.0,0.0,0.0,4,2017,8
117,0.0,0.0,0.0,4,2017,9
118,169.0,120.0,101.0,4,2017,10
119,105.0,11.0,124.0,4,2017,11
120,406.0,23.0,412.0,4,2017,12
121,277.0,62.0,264.0,4,2017,13
122,119.0,40.0,95.0,4,2017,14
123,0.0,0.0,0.0,4,2017,15
124,104.0,7.0,63.0,4,2017,16
125,0.0,0.0,0.0,4,2017,17
126,0.0,0.0,0.0,4,2017,18
127,174.0,62.0,144.0,4,2017,19
128,84.0,67.0,97.0,4,2017,20
129,15.0,3.0,9.0,4,2017,21
130,0.0,0.0,0.0,4,2017,22
131,1977.39,643.84,1982.1,4,2017,23
132,0.0,0.0,0.0,4,2017,24
133,0.0,0.0,0.0,4,2017,25
134,14.0,4.0,15.0,4,2017,26
135,912.0,643.84,800.0,4,2017,27
136,122.0,68.0,128.0,4,2017,28
137,0.0,0.0,0.0,4,2017,29
138,4.0,1.0,3.0,4,2017,30
139,0.0,0.0,0.0,4,2017,31
140,0.0,0.0,0.0,4,2017,32
141,255.0,60.0,250.0,4,2017,33
142,0.0,0.0,0.0,4,2017,34
143,4.0,0.0,3.0,4,2017,35
144,108.0,51.0,109.0,5,2017,0
145,0.0,0.0,0.0,5,2017,1
146,200.0,74.0,199.0,5,2017,2
147,408.0,217.0,254.0,5,2017,3
148,127.0,28.0,203.0,5,2017,4
149,0.0,0.0,0.0,5,2017,5
150,169.0,59.0,155.0,5,2017,6
151,89.0,40.0,90.0,5,2017,7
152,19.0,8.0,41.0,5,2017,8
153,1.0,0.0,0.0,5,2017,9
154,226.0,77.0,180.0,5,2017,10
155,97.0,31.0,206.0,5,2017,11
156,1.0,0.0,1.0,5,2017,12
157,717.0,114.0,1012.0,5,2017,13
158,745.0,282.0,535.0,5,2017,14
159,53.0,6.0,86.0,5,2017,15
160,99.0,21.0,42.0,5,2017,16
161,0.0,0.0,0.0,5,2017,17
162,23.0,0.0,0.0,5,2017,18
163,691.0,257.0,776.0,5,2017,19
164,86.0,52.0,93.0,5,2017,20
165,24.0,6.0,28.0,5,2017,21
166,1.0,1.0,1.0,5,2017,22
167,1977.39,242.0,1982.1,5,2017,23
168,85.0,35.0,85.0,5,2017,24
169,0.0,0.0,0.0,5,2017,25
170,41.0,22.0,39.0,5,2017,26
171,1977.39,643.84,1982.1,5,2017,27
172,67.0,33.0,62.0,5,2017,28
173,0.0,0.0,0.0,5,2017,29
174,1.0,0.0,1.0,5,2017,30
175,0.0,0.0,0.0,5,2017,31
176,1.0,1.0,1.0,5,2017,32
177,39.0,3.0,40.0,5,2017,33
178,0.0,0.0,0.0,5,2017,34
179,0.0,0.0,0.0,5,2017,35
180,1977.39,643.84,1982.1,1,2018,0
181,135.0,79.0,122.0,1,2018,1
182,1977.39,643.84,1982.1,1,2018,2
183,1977.39,643.84,1982.1,1,2018,3
184,1977.39,643.84,1982.1,1,2018,4
185,1977.39,216.0,1982.1,1,2018,5
186,1977.39,643.84,1982.1,1,2018,6
187,1977.39,643.84,1982.1,1,2018,7
188,1977.39,643.84,1982.1,1,2018,8
189,1977.39,643.84,1982.1,1,2018,9
190,1977.39,643.84,1982.1,1,2018,10
191,1977.39,643.84,1982.1,1,2018,11
192,1977.39,643.84,1982.1,1,2018,12
193,1977.39,643.84,1982.1,1,2018,13
194,1977.39,643.84,1982.1,1,2018,14
195,90.0,21.0,159.0,1,2018,15
196,64.0,43.0,20.0,1,2018,16
197,18.0,14.0,11.0,1,2018,17
198,199.0,15.0,135.0,1,2018,18
199,1977.39,643.84,1982.1,1,2018,19
200,1977.39,643.84,1982.1,1,2018,20
201,1977.39,643.84,1982.1,1,2018,21
202,71.0,33.0,44.0,1,2018,22
203,1977.39,643.84,1982.1,1,2018,23
204,1977.39,643.84,1982.1,1,2018,24
205,426.0,163.0,551.0,1,2018,25
206,900.0,643.84,878.0,1,2018,26
207,1977.39,643.84,1982.1,1,2018,27
208,1977.39,643.84,1982.1,1,2018,28
209,148.0,7.0,186.0,1,2018,29
210,280.0,93.0,267.0,1,2018,30
211,78.0,51.0,65.0,1,2018,31
212,57.0,29.0,68.0,1,2018,32
213,1977.39,643.84,1982.1,1,2018,33
214,1.0,1.0,1.0,1,2018,34
215,734.0,110.0,823.0,1,2018,35
216,1977.39,85.0,187.0,2,2018,0
217,55.0,41.0,83.0,2,2018,1
218,377.0,130.0,355.0,2,2018,2
219,10.0,3.0,18.0,2,2018,3
220,216.0,55.0,179.0,2,2018,4
221,9.0,4.0,2.0,2,2018,5
222,106.0,15.0,118.0,2,2018,6
223,474.0,251.0,543.0,2,2018,7
224,322.0,70.0,498.0,2,2018,8
225,20.0,5.0,27.0,2,2018,9
226,517.0,643.84,321.0,2,2018,10
227,139.0,22.0,164.0,2,2018,11
228,157.0,25.0,169.0,2,2018,12
229,893.0,145.0,888.0,2,2018,13
230,188.0,42.0,197.0,2,2018,14
231,74.0,17.0,115.0,2,2018,15
232,117.0,66.0,49.0,2,2018,16
233,16.0,13.0,15.0,2,2018,17
234,83.0,0.0,61.0,2,2018,18
235,1977.39,643.84,1982.1,2,2018,19
236,112.0,85.0,62.0,2,2018,20
237,146.0,52.0,129.0,2,2018,21
238,2.0,2.0,0.0,2,2018,22
239,1977.39,225.0,1982.1,2,2018,23
240,182.0,24.0,194.0,2,2018,24
241,28.0,8.0,47.0,2,2018,25
242,20.0,16.0,42.0,2,2018,26
243,1977.39,643.84,1982.1,2,2018,27
244,79.0,6.0,60.0,2,2018,28
245,20.0,0.0,19.0,2,2018,29
246,12.0,0.0,7.0,2,2018,30
247,1.0,0.0,0.0,2,2018,31
248,8.0,0.0,16.0,2,2018,32
249,333.0,72.0,292.0,2,2018,33
250,0.0,0.0,0.0,2,2018,34
251,14.0,2.0,22.0,2,2018,35
252,740.0,192.0,847.0,3,2018,0
253,8.0,6.0,6.0,3,2018,1
254,1977.39,643.84,1982.1,3,2018,2
255,1977.39,643.84,1982.1,3,2018,3
256,740.0,252.0,620.0,3,2018,4
257,90.0,4.0,44.0,3,2018,5
258,959.0,643.84,925.0,3,2018,6
259,1055.0,643.84,1982.1,3,2018,7
260,270.0,60.0,461.0,3,2018,8
261,13.0,4.0,23.0,3,2018,9
262,401.0,299.0,269.0,3,2018,10
263,1977.39,262.0,1982.1,3,2018,11
264,1977.39,115.0,1982.1,3,2018,12
265,1977.39,643.84,1982.1,3,2018,13
266,1977.39,643.84,924.0,3,2018,14
267,24.0,6.0,67.0,3,2018,15
268,49.0,11.0,33.0,3,2018,16
269,5.0,3.0,10.0,3,2018,17
270,72.0,8.0,55.0,3,2018,18
271,1002.0,643.84,1982.1,3,2018,19
272,1055.0,643.84,678.0,3,2018,20
273,196.0,72.0,172.0,3,2018,21
274,12.0,4.0,11.0,3,2018,22
275,1977.39,643.84,1982.1,3,2018,23
276,200.0,32.0,206.0,3,2018,24
277,48.0,18.0,81.0,3,2018,25
278,173.0,105.0,167.0,3,2018,26
279,1977.39,643.84,1982.1,3,2018,27
280,194.0,101.0,233.0,3,2018,28
281,16.0,1.0,11.0,3,2018,29
282,1.0,0.0,3.0,3,2018,30
283,1.0,3.0,1.0,3,2018,31
284,11.0,6.0,10.0,3,2018,32
285,460.0,69.0,483.0,3,2018,33
286,2.0,0.0,2.0,3,2018,34
287,435.0,73.0,116.0,3,2018,35
288,48.0,1.0,49.0,4,2018,0
289,0.0,0.0,0.0,4,2018,1
290,159.0,62.0,149.0,4,2018,2
291,130.0,79.0,99.0,4,2018,3
292,37.0,3.0,28.0,4,2018,4
293,1.0,0.0,2.0,4,2018,5
294,181.0,53.0,192.0,4,2018,6
295,512.0,218.0,578.0,4,2018,7
296,0.0,0.0,0.0,4,2018,8
297,26.0,4.0,44.0,4,2018,9
298,47.0,31.0,34.0,4,2018,10
299,69.0,4.0,61.0,4,2018,11
300,105.0,8.0,113.0,4,2018,12
301,99.0,8.0,78.0,4,2018,13
302,98.0,16.0,94.0,4,2018,14
303,10.0,2.0,21.0,4,2018,15
304,8.0,6.0,3.0,4,2018,16
305,0.0,0.0,0.0,4,2018,17
306,0.0,0.0,0.0,4,2018,18
307,218.0,88.0,187.0,4,2018,19
308,240.0,161.0,117.0,4,2018,20
309,12.0,6.0,11.0,4,2018,21
310,0.0,0.0,0.0,4,2018,22
311,939.0,290.0,999.0,4,2018,23
312,54.0,10.0,49.0,4,2018,24
313,0.0,0.0,0.0,4,2018,25
314,2.0,1.0,11.0,4,2018,26
315,679.0,284.0,560.0,4,2018,27
316,53.0,26.0,43.0,4,2018,28
317,0.0,0.0,0.0,4,2018,29
318,10.0,1.0,13.0,4,2018,30
319,0.0,0.0,0.0,4,2018,31
320,0.0,0.0,0.0,4,2018,32
321,658.0,176.0,583.0,4,2018,33
322,0.0,0.0,0.0,4,2018,34
323,46.0,7.0,18.0,4,2018,35
324,82.0,7.0,70.0,5,2018,0
325,51.0,32.0,64.0,5,2018,1
326,112.0,22.0,108.0,5,2018,2
327,103.0,61.0,95.0,5,2018,3
328,58.0,12.0,64.0,5,2018,4
329,0.0,0.0,0.0,5,2018,5
330,460.0,187.0,444.0,5,2018,6
331,474.0,269.0,474.0,5,2018,7
332,0.0,0.0,0.0,5,2018,8
333,4.0,0.0,8.0,5,2018,9
334,310.0,206.0,130.0,5,2018,10
335,173.0,44.0,125.0,5,2018,11
336,26.0,4.0,24.0,5,2018,12
337,465.0,61.0,496.0,5,2018,13
338,187.0,55.0,216.0,5,2018,14
339,29.0,2.0,45.0,5,2018,15
340,14.0,8.0,5.0,5,2018,16
341,0.0,0.0,0.0,5,2018,17
342,0.0,0.0,0.0,5,2018,18
343,611.0,260.0,647.0,5,2018,19
344,252.0,158.0,134.0,5,2018,20
345,39.0,18.0,67.0,5,2018,21
346,4.0,3.0,3.0,5,2018,22
347,1977.39,252.0,1982.1,5,2018,23
348,17.0,3.0,26.0,5,2018,24
349,0.0,0.0,0.0,5,2018,25
350,0.0,0.0,0.0,5,2018,26
351,1977.39,643.84,1982.1,5,2018,27
352,19.0,50.0,26.0,5,2018,28
353,0.0,0.0,0.0,5,2018,36
354,0.0,0.0,0.0,5,2018,30
355,0.0,0.0,0.0,5,2018,31
356,0.0,0.0,0.0,5,2018,32
357,244.0,37.0,225.0,5,2018,33
358,0.0,0.0,0.0,5,2018,34
359,0.0,0.0,0.0,5,2018,35
360,1977.39,643.84,1982.1,1,2019,0
361,76.0,41.0,89.0,1,2019,1
362,1977.39,643.84,1982.1,1,2019,2
363,1977.39,643.84,1982.1,1,2019,3
364,1977.39,643.84,1982.1,1,2019,4
365,1977.39,233.0,1982.1,1,2019,5
366,1977.39,643.84,1982.1,1,2019,6
367,1977.39,643.84,1982.1,1,2019,7
368,1977.39,643.84,1982.1,1,2019,8
369,1977.39,643.84,1982.1,1,2019,9
370,1977.39,643.84,1982.1,1,2019,10
371,1977.39,643.84,1982.1,1,2019,11
372,1977.39,643.84,1982.1,1,2019,12
373,1977.39,643.84,1982.1,1,2019,13
374,1977.39,643.84,1982.1,1,2019,14
375,378.0,97.0,597.0,1,2019,15
376,172.0,61.0,82.0,1,2019,16
377,32.0,27.0,31.0,1,2019,17
378,131.0,12.0,113.0,1,2019,18
379,1977.39,643.84,1982.1,1,2019,19
380,1977.39,643.84,829.0,1,2019,20
381,1977.39,643.84,1982.1,1,2019,21
382,77.0,32.0,97.0,1,2019,22
383,1977.39,643.84,1982.1,1,2019,23
384,1977.39,643.84,1982.1,1,2019,24
385,588.0,209.0,735.0,1,2019,25
386,983.0,643.84,932.0,1,2019,26
387,1977.39,643.84,1982.1,1,2019,27
388,1977.39,643.84,1982.1,1,2019,28
389,40.0,3.0,38.0,1,2019,29
390,282.0,99.0,259.0,1,2019,30
391,67.0,49.0,105.0,1,2019,31
392,61.0,27.0,66.0,1,2019,32
393,1977.39,643.84,1982.1,1,2019,33
394,0.0,0.0,0.0,1,2019,34
395,908.0,121.0,1018.0,1,2019,35
396,127.0,43.0,144.0,2,2019,0
397,46.0,27.0,70.0,2,2019,1
398,279.0,74.0,306.0,2,2019,2
399,0.0,0.0,0.0,2,2019,3
400,134.0,34.0,112.0,2,2019,4
401,6.0,1.0,0.0,2,2019,5
402,47.0,17.0,34.0,2,2019,6
403,299.0,132.0,280.0,2,2019,7
404,75.0,24.0,106.0,2,2019,8
405,25.0,5.0,44.0,2,2019,9
406,686.0,643.84,382.0,2,2019,10
407,132.0,37.0,166.0,2,2019,11
408,104.0,20.0,103.0,2,2019,12
409,1030.0,241.0,1982.1,2,2019,13
410,258.0,53.0,280.0,2,2019,14
411,81.0,12.0,146.0,2,2019,15
412,23.0,4.0,15.0,2,2019,16
413,17.0,12.0,10.0,2,2019,17
414,132.0,7.0,89.0,2,2019,18
415,1068.0,643.84,998.0,2,2019,19
416,1977.39,643.84,1982.1,2,2019,20
417,262.0,83.0,313.0,2,2019,21
418,19.0,7.0,19.0,2,2019,22
419,1047.0,157.0,1982.1,2,2019,23
420,246.0,68.0,215.0,2,2019,24
421,19.0,3.0,29.0,2,2019,25
422,25.0,17.0,24.0,2,2019,26
423,1977.39,643.84,1982.1,2,2019,27
424,8.0,3.0,6.0,2,2019,28
425,41.0,1.0,36.0,2,2019,29
426,8.0,0.0,8.0,2,2019,30
427,1.0,0.0,0.0,2,2019,31
428,4.0,0.0,4.0,2,2019,32
429,215.0,45.0,202.0,2,2019,33
430,0.0,0.0,0.0,2,2019,34
431,6.0,0.0,9.0,2,2019,35
432,509.0,155.0,638.0,3,2019,0
433,57.0,28.0,77.0,3,2019,1
434,929.0,643.84,625.0,3,2019,2
435,1977.39,643.84,1982.1,3,2019,3
436,760.0,197.0,786.0,3,2019,4
437,100.0,19.0,122.0,3,2019,5
438,607.0,225.0,712.0,3,2019,6
439,959.0,643.84,1982.1,3,2019,7
440,715.0,643.84,1982.1,3,2019,8
441,72.0,11.0,87.0,3,2019,9
442,343.0,234.0,279.0,3,2019,10
443,1977.39,248.0,1982.1,3,2019,11
444,1977.39,131.0,1982.1,3,2019,12
445,1977.39,643.84,1982.1,3,2019,13
446,553.0,154.0,571.0,3,2019,14
447,23.0,7.0,33.0,3,2019,15
448,26.0,13.0,12.0,3,2019,16
449,5.0,5.0,2.0,3,2019,17
450,82.0,7.0,37.0,3,2019,18
451,1040.0,643.84,1982.1,3,2019,19
452,1977.39,643.84,984.0,3,2019,20
453,1977.39,643.84,1982.1,3,2019,21
454,19.0,3.0,61.0,3,2019,22
455,1977.39,643.84,1982.1,3,2019,23
456,119.0,23.0,140.0,3,2019,24
457,28.0,15.0,37.0,3,2019,25
458,102.0,52.0,107.0,3,2019,26
459,1977.39,643.84,1982.1,3,2019,27
460,114.0,44.0,158.0,3,2019,28
461,6.0,0.0,8.0,3,2019,29
462,3.0,1.0,2.0,3,2019,30
463,0.0,0.0,0.0,3,2019,31
464,2.0,1.0,1.0,3,2019,32
465,369.0,69.0,459.0,3,2019,33
466,0.0,0.0,0.0,3,2019,34
467,132.0,19.0,171.0,3,2019,35
468,37.0,22.0,24.0,4,2019,0
469,0.0,0.0,0.0,4,2019,1
470,136.0,29.0,128.0,4,2019,2
471,0.0,0.0,0.0,4,2019,3
472,22.0,2.0,18.0,4,2019,4
473,0.0,0.0,0.0,4,2019,5
474,8.0,4.0,4.0,4,2019,6
475,257.0,142.0,397.0,4,2019,7
476,0.0,0.0,0.0,4,2019,8
477,0.0,0.0,0.0,4,2019,9
478,74.0,33.0,107.0,4,2019,10
479,59.0,7.0,60.0,4,2019,11
480,70.0,5.0,86.0,4,2019,12
481,113.0,12.0,118.0,4,2019,13
482,48.0,4.0,46.0,4,2019,14
483,8.0,0.0,15.0,4,2019,15
484,11.0,7.0,3.0,4,2019,16
485,0.0,0.0,0.0,4,2019,17
486,0.0,0.0,0.0,4,2019,18
487,97.0,32.0,100.0,4,2019,19
488,1977.39,643.84,746.0,4,2019,20
489,32.0,13.0,35.0,4,2019,21
490,0.0,0.0,0.0,4,2019,22
491,1068.0,226.0,1982.1,4,2019,23
492,32.0,2.0,19.0,4,2019,24
493,0.0,0.0,0.0,4,2019,25
494,0.0,0.0,0.0,4,2019,26
495,874.0,297.0,680.0,4,2019,27
496,18.0,10.0,15.0,4,2019,28
497,0.0,0.0,0.0,4,2019,29
498,12.0,4.0,6.0,4,2019,30
499,0.0,0.0,0.0,4,2019,31
500,0.0,0.0,0.0,4,2019,32
501,371.0,100.0,320.0,4,2019,33
502,0.0,0.0,0.0,4,2019,34
503,17.0,0.0,25.0,4,2019,35
504,96.0,29.0,134.0,5,2019,0
505,43.0,23.0,67.0,5,2019,1
506,99.0,40.0,99.0,5,2019,2
507,182.0,149.0,130.0,5,2019,3
508,24.0,9.0,10.0,5,2019,4
509,0.0,0.0,0.0,5,2019,5
510,122.0,40.0,118.0,5,2019,6
511,539.0,243.0,418.0,5,2019,7
512,18.0,3.0,27.0,5,2019,8
513,0.0,0.0,0.0,5,2019,9
514,128.0,80.0,107.0,5,2019,10
515,31.0,2.0,50.0,5,2019,11
516,27.0,0.0,28.0,5,2019,12
517,896.0,181.0,972.0,5,2019,13
518,100.0,13.0,100.0,5,2019,14
519,37.0,2.0,66.0,5,2019,15
520,19.0,10.0,8.0,5,2019,16
521,0.0,0.0,0.0,5,2019,17
522,13.0,0.0,7.0,5,2019,18
523,492.0,205.0,561.0,5,2019,19
524,1977.39,643.84,194.0,5,2019,20
525,158.0,63.0,217.0,5,2019,21
526,0.0,0.0,0.0,5,2019,22
527,1047.0,165.0,1982.1,5,2019,23
528,7.0,1.0,6.0,5,2019,24
529,0.0,0.0,0.0,5,2019,25
530,51.0,50.0,98.0,5,2019,26
531,1977.39,643.84,1982.1,5,2019,27
532,14.0,4.0,13.0,5,2019,28
533,0.0,0.0,0.0,5,2019,29
534,0.0,0.0,0.0,5,2019,30
535,0.0,0.0,0.0,5,2019,31
536,2.0,0.0,3.0,5,2019,32
537,199.0,53.0,173.0,5,2019,33
538,0.0,0.0,0.0,5,2019,34
539,0.0,0.0,0.0,5,2019,35
540,1977.39,643.84,1982.1,1,2020,0
541,64.0,42.0,94.0,1,2020,1
542,1977.39,643.84,1982.1,1,2020,2
543,1977.39,643.84,1982.1,1,2020,3
544,1977.39,643.84,1982.1,1,2020,4
545,1977.39,181.0,766.0,1,2020,5
546,1977.39,643.84,1982.1,1,2020,6
547,1977.39,643.84,1982.1,1,2020,7
548,1977.39,643.84,1982.1,1,2020,8
549,1977.39,643.84,1982.1,1,2020,9
550,1977.39,643.84,1982.1,1,2020,10
551,1977.39,643.84,1982.1,1,2020,11
552,1977.39,643.84,1982.1,1,2020,12
553,1977.39,643.84,1982.1,1,2020,13
554,1977.39,643.84,1982.1,1,2020,14
555,265.0,60.0,399.0,1,2020,15
556,113.0,77.0,113.0,1,2020,16
557,22.0,14.0,31.0,1,2020,17
558,156.0,20.0,66.0,1,2020,18
559,1977.39,643.84,1982.1,1,2020,19
560,1977.39,643.84,1982.1,1,2020,20
561,1977.39,643.84,1982.1,1,2020,21
562,62.0,18.0,98.0,1,2020,22
563,1977.39,643.84,1982.1,1,2020,23
564,1977.39,643.84,1982.1,1,2020,24
565,429.0,181.0,426.0,1,2020,25
566,710.0,643.84,523.0,1,2020,26
567,1977.39,643.84,1982.1,1,2020,27
568,1977.39,643.84,1982.1,1,2020,28
569,26.0,2.0,31.0,1,2020,29
570,147.0,50.0,139.0,1,2020,30
571,84.0,58.0,104.0,1,2020,31
573,1977.39,643.84,986.0,1,2020,33
574,1.0,0.0,1.0,1,2020,34
575,13.0,27.0,848.0,1,2020,35
576,77.0,29.0,75.0,2,2020,0
577,18.0,9.0,24.0,2,2020,1
578,468.0,252.0,964.0,2,2020,2
579,28.0,10.0,29.0,2,2020,3
580,67.0,27.0,200.0,2,2020,4
581,8.0,0.0,6.0,2,2020,5
582,57.0,12.0,51.0,2,2020,6
583,138.0,38.0,72.0,2,2020,7
584,76.0,20.0,115.0,2,2020,8
585,0.0,0.0,0.0,2,2020,9
586,430.0,256.0,229.0,2,2020,10
587,73.0,21.0,55.0,2,2020,11
588,77.0,17.0,85.0,2,2020,12
589,989.0,237.0,1982.1,2,2020,13
590,181.0,45.0,172.0,2,2020,14
591,27.0,7.0,54.0,2,2020,15
592,18.0,12.0,6.0,2,2020,16
593,18.0,19.0,17.0,2,2020,17
594,107.0,7.0,35.0,2,2020,18
595,648.0,298.0,536.0,2,2020,19
596,537.0,643.84,354.0,2,2020,20
597,161.0,63.0,138.0,2,2020,21
598,28.0,6.0,53.0,2,2020,22
599,696.0,70.0,776.0,2,2020,23
600,794.0,203.0,796.0,2,2020,24
601,3.0,0.0,6.0,2,2020,25
602,14.0,6.0,15.0,2,2020,26
603,1977.39,643.84,1982.1,2,2020,27
604,20.0,10.0,14.0,2,2020,28
605,33.0,4.0,24.0,2,2020,29
606,5.0,1.0,3.0,2,2020,30
607,4.0,2.0,3.0,2,2020,31
608,0.0,0.0,0.0,2,2020,32
609,143.0,36.0,139.0,2,2020,33
610,0.0,0.0,0.0,2,2020,34
611,2.0,0.0,6.0,2,2020,35
612,413.0,137.0,461.0,3,2020,0
613,23.0,7.0,23.0,3,2020,1
614,544.0,152.0,887.0,3,2020,2
615,740.0,643.84,546.0,3,2020,3
616,497.0,109.0,511.0,3,2020,4
617,229.0,18.0,70.0,3,2020,5
618,543.0,208.0,545.0,3,2020,6
619,515.0,176.0,450.0,3,2020,7
620,462.0,172.0,686.0,3,2020,8
621,30.0,1.0,59.0,3,2020,9
622,173.0,120.0,150.0,3,2020,10
623,712.0,113.0,900.0,3,2020,11
624,1977.39,88.0,1982.1,3,2020,12
625,1977.39,643.84,1982.1,3,2020,13
626,1977.39,643.84,905.0,3,2020,14
627,28.0,9.0,40.0,3,2020,15
628,19.0,14.0,17.0,3,2020,16
629,5.0,5.0,13.0,3,2020,17
630,63.0,5.0,37.0,3,2020,18
631,749.0,296.0,803.0,3,2020,19
632,990.0,643.84,610.0,3,2020,20
633,1977.39,643.84,1982.1,3,2020,21
634,33.0,13.0,45.0,3,2020,22
635,1977.39,643.84,1982.1,3,2020,23
636,160.0,40.0,147.0,3,2020,24
637,34.0,11.0,38.0,3,2020,25
638,81.0,48.0,66.0,3,2020,26
639,1977.39,643.84,1982.1,3,2020,27
640,83.0,44.0,99.0,3,2020,28
641,4.0,0.0,5.0,3,2020,29
642,3.0,1.0,4.0,3,2020,30
643,4.0,0.0,7.0,3,2020,31
644,0.0,0.0,0.0,3,2020,32
645,287.0,60.0,274.0,3,2020,33
646,0.0,0.0,0.0,3,2020,34
647,122.0,21.0,126.0,3,2020,35
648,17.0,2.0,0.0,4,2020,0
649,0.0,0.0,0.0,4,2020,1
650,157.0,36.0,405.0,4,2020,2
651,0.0,0.0,0.0,4,2020,3
652,67.0,4.0,44.0,4,2020,4
653,5.0,1.0,1.0,4,2020,5
654,28.0,12.0,17.0,4,2020,6
655,34.0,11.0,23.0,4,2020,7
656,0.0,0.0,0.0,4,2020,8
657,0.0,0.0,31.0,4,2020,9
658,69.0,42.0,49.0,4,2020,10
659,33.0,3.0,30.0,4,2020,11
660,26.0,2.0,39.0,4,2020,12
661,375.0,65.0,366.0,4,2020,13
662,2.0,0.0,2.0,4,2020,14
663,0.0,0.0,0.0,4,2020,15
664,0.0,0.0,0.0,4,2020,16
665,0.0,0.0,0.0,4,2020,17
666,0.0,0.0,0.0,4,2020,18
667,56.0,15.0,43.0,4,2020,19
668,266.0,186.0,201.0,4,2020,20
669,21.0,7.0,15.0,4,2020,21
670,0.0,0.0,0.0,4,2020,22
671,442.0,56.0,576.0,4,2020,23
672,91.0,12.0,88.0,4,2020,24
673,0.0,0.0,0.0,4,2020,25
674,0.0,0.0,0.0,4,2020,26
675,761.0,643.84,505.0,4,2020,27
676,11.0,1.0,11.0,4,2020,28
677,0.0,0.0,0.0,4,2020,29
678,4.0,1.0,2.0,4,2020,30
679,0.0,0.0,0.0,4,2020,31
681,252.0,78.0,228.0,4,2020,33
682,0.0,0.0,0.0,4,2020,34
683,0.0,2.0,0.0,4,2020,35
684,143.0,38.0,188.0,5,2020,0
685,3.0,1.0,5.0,5,2020,1
686,198.0,51.0,590.0,5,2020,2
687,163.0,89.0,174.0,5,2020,3
688,21.0,10.0,18.0,5,2020,4
689,0.0,0.0,0.0,5,2020,5
690,79.0,11.0,59.0,5,2020,6
691,421.0,166.0,306.0,5,2020,7
692,25.0,8.0,18.0,5,2020,8
693,9.0,0.0,0.0,5,2020,9
694,96.0,60.0,69.0,5,2020,10
695,38.0,4.0,64.0,5,2020,11
696,23.0,2.0,25.0,5,2020,12
697,684.0,143.0,800.0,5,2020,13
698,10.0,3.0,8.0,5,2020,14
699,2.0,0.0,5.0,5,2020,15
700,4.0,1.0,3.0,5,2020,16
701,2.0,1.0,2.0,5,2020,17
702,0.0,0.0,0.0,5,2020,18
703,297.0,120.0,301.0,5,2020,19
704,407.0,295.0,159.0,5,2020,20
705,68.0,45.0,51.0,5,2020,21
706,0.0,0.0,0.0,5,2020,22
707,717.0,83.0,900.0,5,2020,23
708,22.0,4.0,23.0,5,2020,24
709,0.0,0.0,0.0,5,2020,25
710,0.0,0.0,0.0,5,2020,26
711,1977.39,643.84,1982.1,5,2020,27
712,3.0,1.0,2.0,5,2020,28
713,0.0,0.0,0.0,5,2020,29
714,0.0,0.0,0.0,5,2020,30
715,0.0,0.0,0.0,5,2020,31
716,0.0,0.0,0.0,5,2020,32
717,86.0,23.0,74.0,5,2020,33
718,0.0,0.0,0.0,5,2020,34
719,0.0,0.0,5.0,5,2020,35
